<CATALOG>
<CD>
<TITLE>Ako'y Maghihintay Sa Iyong Pagliligtas</TITLE>
<ARTIST>INC MUSIC</ARTIST>
<COUNTRY>PHILIPPINES</COUNTRY>
<COMPANY>JRHUB</COMPANY>
<YEAR>2021</YEAR>
</CD>
<CD>
<TITLE>Awit Ng Anak</TITLE>
<ARTIST>Haylee Ramos</ARTIST>
<COUNTRY>PHILIPPINES</COUNTRY>
<COMPANY>JRHUB</COMPANY>
<YEAR>2021</YEAR>
</CD>
<CD>
<TITLE>Ang Sugo</TITLE>
<ARTIST>Aira Soriano</ARTIST>
<COUNTRY>PHILIPPINES</COUNTRY>
<COMPANY>JRHUB</COMPANY>
<YEAR>2021</YEAR>
</CD>
<CD>
<TITLE>Ako'y Iyong Ihatid Sa Bayang Banal</TITLE>
<ARTIST>Chadleen Lacdo o</ARTIST>
<COUNTRY>PHILIPPINES</COUNTRY>
<COMPANY>JRHUB</COMPANY>
<YEAR>2021</YEAR>
</CD>
<CD>
<TITLE>I am Strong</TITLE>
<ARTIST>Chiarra Dabu</ARTIST>
<COUNTRY>PHILIPPINES</COUNTRY>
<COMPANY>JRHUB</COMPANY>
<YEAR>2021</YEAR>
</CD>
<CD>
<TITLE>Iyong Dinadalisay</TITLE>
<ARTIST>Marielle Guillemer</ARTIST>
<COUNTRY>PHILIPPINES</COUNTRY>
<COMPANY>JRHUB</COMPANY>
<YEAR>2021</YEAR>
</CD>
<CD>
<TITLE>Landas Ng Buhay</TITLE>
<ARTIST>INC MUSIC</ARTIST>
<COUNTRY>PHILIPPINES</COUNTRY>
<COMPANY>JRHUB</COMPANY>
<YEAR>2021</YEAR>
</CD>
<CD>
<TITLE>Ama, Kami Ay Sa Iyo Pa Rin</TITLE>
<ARTIST>Mailyn Timon</ARTIST>
<COUNTRY>PHILIPPINES</COUNTRY>
<COMPANY>JRHUB</COMPANY>
<YEAR>2021</YEAR>
</CD>
<CD>
<TITLE>Nakipagtipan ang Diyos</TITLE>
<ARTIST>Chadleen Lacdo o</ARTIST>
<COUNTRY>PHILIPPINES</COUNTRY>
<COMPANY>JRHUB</COMPANY>
<YEAR>2021</YEAR>
</CD>
<CD>
<TITLE>Pag-Ibig Sa Iglesia</TITLE>
<ARTIST>Sophia Alexis Ramos</ARTIST>
<COUNTRY>PHILIPPINES</COUNTRY>
<COMPANY>JRHUB</COMPANY>
<YEAR>2021</YEAR>
</CD>
<CD>
<TITLE>Sasalubong Ako Sa Iyo Aking Jesus</TITLE>
<ARTIST>Haylee Ramos</ARTIST>
<COUNTRY>PHILIPPINES</COUNTRY>
<COMPANY>JRHUB</COMPANY>
<YEAR>2021</YEAR>
</CD>
<CD>
<TITLE>MAGBABAGONG-BUHAY</TITLE>
<ARTIST>Marielle Guillemer</ARTIST>
<COUNTRY>PHILIPPINES</COUNTRY>
<COMPANY>JRHUB</COMPANY>
<YEAR>2021</YEAR>
</CD>
<CD>
<TITLE>Tanda Ng Pagibig Ng Ama</TITLE>
<ARTIST>Marielle Guillemer</ARTIST>
<COUNTRY>PHILIPPINES</COUNTRY>
<COMPANY>JRHUB</COMPANY>
<YEAR>2021</YEAR>
</CD>
<CD>
<TITLE>Ngayon Na</TITLE>
<ARTIST>Marjoley Dela Cruz</ARTIST>
<COUNTRY>PHILIPPINES</COUNTRY>
<COMPANY>JRHUB</COMPANY>
<YEAR>2021</YEAR>
</CD>
<CD>
<TITLE>TITIBO-TIBOINC VERSIONCOVER</TITLE>
<ARTIST>Cariza Magpantay</ARTIST>
<COUNTRY>PHILIPPINES</COUNTRY>
<COMPANY>JRHUB</COMPANY>
<YEAR>2021</YEAR>
</CD>
</CATALOG>